Workbook

Sheet Movimientos
A1: Fecha | B1: Producto | C1: Tipo | D1: Cantidad | E1: Costo Unit | F1: Precio Unit | G1: Nota
A2: 2026-03-09 | B2: Shampoo Hidratante 500ml | C2: Salida Venta | D2: 2 | E2: 8.5 | F2: 18 | G2: Venta mostrador
A3: 2026-03-09 | B3: Tinte Negro 1.0 | C3: Salida Uso | D3: 3 | E3: 4 | F3: 12 | G3: Servicio color
A4: 2026-03-09 | B4: Guantes Nitrilo (caja 100) | C4: Salida Uso | D4: 1 | E4: 5.8 | F4: 12 | G4: Uso interno
A5: 2026-03-09 | B5: Polvo Decolorante 500g | C5: Entrada | D5: 4 | E5: 13 | F5: 29 | G5: Compra proveedor

Sheet Inventario_vivo
A1: SKU | B1: Producto | C1: Categoria | D1: Costo | E1: Precio | F1: Stock Inicial | G1: Entradas | H1: Salidas Venta | I1: Salidas Uso Interno | J1: Stock Actual | K1: Stock Min | L1: Estado | M1: Valor Inventario
A2: P001 | B2: Shampoo Hidratante 500ml | C2: Shampoo | D2: 8.5 | E2: 18 | F2: 12 | G2: =SUMIFS(Movimientos!$D:$D,Movimientos!$B:$B,B2,Movimientos!$C:$C,"Entrada") | H2: =SUMIFS(Movimientos!$D:$D,Movimientos!$B:$B,B2,Movimientos!$C:$C,"Salida Venta") | I2: =SUMIFS(Movimientos!$D:$D,Movimientos!$B:$B,B2,Movimientos!$C:$C,"Salida Uso") | J2: =F2+G2-H2-I2 | K2: 5 | L2: =IF(J2<=0,"CRITICO",IF(J2<=K2,"REORDEN","OK")) | M2: =J2*D2
A3: P002 | B3: Acondicionador Reparador 500ml | C3: Acondicionador | D3: 9 | E3: 19 | F3: 10 | G3: =SUMIFS(Movimientos!$D:$D,Movimientos!$B:$B,B3,Movimientos!$C:$C,"Entrada") | H3: =SUMIFS(Movimientos!$D:$D,Movimientos!$B:$B,B3,Movimientos!$C:$C,"Salida Venta") | I3: =SUMIFS(Movimientos!$D:$D,Movimientos!$B:$B,B3,Movimientos!$C:$C,"Salida Uso") | J3: =F3+G3-H3-I3 | K3: 4 | L3: =IF(J3<=0,"CRITICO",IF(J3<=K3,"REORDEN","OK")) | M3: =J3*D3
A4: P003 | B4: Mascarilla Nutritiva 300ml | C4: Tratamiento | D4: 11.5 | E4: 24 | F4: 8 | G4: =SUMIFS(Movimientos!$D:$D,Movimientos!$B:$B,B4,Movimientos!$C:$C,"Entrada") | H4: =SUMIFS(Movimientos!$D:$D,Movimientos!$B:$B,B4,Movimientos!$C:$C,"Salida Venta") | I4: =SUMIFS(Movimientos!$D:$D,Movimientos!$B:$B,B4,Movimientos!$C:$C,"Salida Uso") | J4: =F4+G4-H4-I4 | K4: 3 | L4: =IF(J4<=0,"CRITICO",IF(J4<=K4,"REORDEN","OK")) | M4: =J4*D4
A5: P004 | B5: Ampolla Keratina 10ml | C5: Tratamiento | D5: 2.2 | E5: 6 | F5: 30 | G5: =SUMIFS(Movimientos!$D:$D,Movimientos!$B:$B,B5,Movimientos!$C:$C,"Entrada") | H5: =SUMIFS(Movimientos!$D:$D,Movimientos!$B:$B,B5,Movimientos!$C:$C,"Salida Venta") | I5: =SUMIFS(Movimientos!$D:$D,Movimientos!$B:$B,B5,Movimientos!$C:$C,"Salida Uso") | J5: =F5+G5-H5-I5 | K5: 10 | L5: =IF(J5<=0,"CRITICO",IF(J5<=K5,"REORDEN","OK")) | M5: =J5*D5
A6: P005 | B6: Tinte Negro 1.0 | C6: Coloracion | D6: 4 | E6: 12 | F6: 20 | G6: =SUMIFS(Movimientos!$D:$D,Movimientos!$B:$B,B6,Movimientos!$C:$C,"Entrada") | H6: =SUMIFS(Movimientos!$D:$D,Movimientos!$B:$B,B6,Movimientos!$C:$C,"Salida Venta") | I6: =SUMIFS(Movimientos!$D:$D,Movimientos!$B:$B,B6,Movimientos!$C:$C,"Salida Uso") | J6: =F6+G6-H6-I6 | K6: 8 | L6: =IF(J6<=0,"CRITICO",IF(J6<=K6,"REORDEN","OK")) | M6: =J6*D6
A7: P006 | B7: Tinte Castaño 4.0 | C7: Coloracion | D7: 4 | E7: 12 | F7: 18 | G7: =SUMIFS(Movimientos!$D:$D,Movimientos!$B:$B,B7,Movimientos!$C:$C,"Entrada") | H7: =SUMIFS(Movimientos!$D:$D,Movimientos!$B:$B,B7,Movimientos!$C:$C,"Salida Venta") | I7: =SUMIFS(Movimientos!$D:$D,Movimientos!$B:$B,B7,Movimientos!$C:$C,"Salida Uso") | J7: =F7+G7-H7-I7 | K7: 8 | L7: =IF(J7<=0,"CRITICO",IF(J7<=K7,"REORDEN","OK")) | M7: =J7*D7
A8: P007 | B8: Tinte Rubio 8.0 | C8: Coloracion | D8: 4.2 | E8: 12.5 | F8: 16 | G8: =SUMIFS(Movimientos!$D:$D,Movimientos!$B:$B,B8,Movimientos!$C:$C,"Entrada") | H8: =SUMIFS(Movimientos!$D:$D,Movimientos!$B:$B,B8,Movimientos!$C:$C,"Salida Venta") | I8: =SUMIFS(Movimientos!$D:$D,Movimientos!$B:$B,B8,Movimientos!$C:$C,"Salida Uso") | J8: =F8+G8-H8-I8 | K8: 7 | L8: =IF(J8<=0,"CRITICO",IF(J8<=K8,"REORDEN","OK")) | M8: =J8*D8
A9: P008 | B9: Oxidante 20 vol 1L | C9: Coloracion | D9: 6.5 | E9: 15 | F9: 14 | G9: =SUMIFS(Movimientos!$D:$D,Movimientos!$B:$B,B9,Movimientos!$C:$C,"Entrada") | H9: =SUMIFS(Movimientos!$D:$D,Movimientos!$B:$B,B9,Movimientos!$C:$C,"Salida Venta") | I9: =SUMIFS(Movimientos!$D:$D,Movimientos!$B:$B,B9,Movimientos!$C:$C,"Salida Uso") | J9: =F9+G9-H9-I9 | K9: 5 | L9: =IF(J9<=0,"CRITICO",IF(J9<=K9,"REORDEN","OK")) | M9: =J9*D9
A10: P009 | B10: Oxidante 30 vol 1L | C10: Coloracion | D10: 6.5 | E10: 15 | F10: 12 | G10: =SUMIFS(Movimientos!$D:$D,Movimientos!$B:$B,B10,Movimientos!$C:$C,"Entrada") | H10: =SUMIFS(Movimientos!$D:$D,Movimientos!$B:$B,B10,Movimientos!$C:$C,"Salida Venta") | I10: =SUMIFS(Movimientos!$D:$D,Movimientos!$B:$B,B10,Movimientos!$C:$C,"Salida Uso") | J10: =F10+G10-H10-I10 | K10: 5 | L10: =IF(J10<=0,"CRITICO",IF(J10<=K10,"REORDEN","OK")) | M10: =J10*D10
A11: P010 | B11: Polvo Decolorante 500g | C11: Coloracion | D11: 13 | E11: 29 | F11: 9 | G11: =SUMIFS(Movimientos!$D:$D,Movimientos!$B:$B,B11,Movimientos!$C:$C,"Entrada") | H11: =SUMIFS(Movimientos!$D:$D,Movimientos!$B:$B,B11,Movimientos!$C:$C,"Salida Venta") | I11: =SUMIFS(Movimientos!$D:$D,Movimientos!$B:$B,B11,Movimientos!$C:$C,"Salida Uso") | J11: =F11+G11-H11-I11 | K11: 3 | L11: =IF(J11<=0,"CRITICO",IF(J11<=K11,"REORDEN","OK")) | M11: =J11*D11
A12: P011 | B12: Spray Protector Térmico 250ml | C12: Styling | D12: 7.2 | E12: 17 | F12: 11 | G12: =SUMIFS(Movimientos!$D:$D,Movimientos!$B:$B,B12,Movimientos!$C:$C,"Entrada") | H12: =SUMIFS(Movimientos!$D:$D,Movimientos!$B:$B,B12,Movimientos!$C:$C,"Salida Venta") | I12: =SUMIFS(Movimientos!$D:$D,Movimientos!$B:$B,B12,Movimientos!$C:$C,"Salida Uso") | J12: =F12+G12-H12-I12 | K12: 4 | L12: =IF(J12<=0,"CRITICO",IF(J12<=K12,"REORDEN","OK")) | M12: =J12*D12
A13: P012 | B13: Gel Fijador 300ml | C13: Styling | D13: 5 | E13: 13 | F13: 13 | G13: =SUMIFS(Movimientos!$D:$D,Movimientos!$B:$B,B13,Movimientos!$C:$C,"Entrada") | H13: =SUMIFS(Movimientos!$D:$D,Movimientos!$B:$B,B13,Movimientos!$C:$C,"Salida Venta") | I13: =SUMIFS(Movimientos!$D:$D,Movimientos!$B:$B,B13,Movimientos!$C:$C,"Salida Uso") | J13: =F13+G13-H13-I13 | K13: 5 | L13: =IF(J13<=0,"CRITICO",IF(J13<=K13,"REORDEN","OK")) | M13: =J13*D13
... A21: P020 | B21: Brocha Tinte | C21: Herramientas | D21: 1.9 | E21: 5.5 | F21: 22 | G21: =SUMIFS(Movimientos!$D:$D,Movimientos!$B:$B,B21,Movimientos!$C:$C,"Entrada") | H21: =SUMIFS(Movimientos!$D:$D,Movimientos!$B:$B,B21,Movimientos!$C:$C,"Salida Venta") | I21: =SUMIFS(Movimientos!$D:$D,Movimientos!$B:$B,B21,Movimientos!$C:$C,"Salida Uso") | J21: =F21+G21-H21-I21 | K21: 8 | L21: =IF(J21<=0,"CRITICO",IF(J21<=K21,"REORDEN","OK")) | M21: =J21*D21

Sheet Compras_sugeridas
A1: Producto | B1: Stock Actual | C1: Stock Min | D1: Sugerido Comprar
A2: =Inventario_vivo!B2 | B2: =Inventario_vivo!J2 | C2: =Inventario_vivo!K2 | D2: =MAX(C2-B2,0)
A3: =Inventario_vivo!B3 | B3: =Inventario_vivo!J3 | C3: =Inventario_vivo!K3 | D3: =MAX(C3-B3,0)
A4: =Inventario_vivo!B4 | B4: =Inventario_vivo!J4 | C4: =Inventario_vivo!K4 | D4: =MAX(C4-B4,0)
A5: =Inventario_vivo!B5 | B5: =Inventario_vivo!J5 | C5: =Inventario_vivo!K5 | D5: =MAX(C5-B5,0)
A6: =Inventario_vivo!B6 | B6: =Inventario_vivo!J6 | C6: =Inventario_vivo!K6 | D6: =MAX(C6-B6,0)
A7: =Inventario_vivo!B7 | B7: =Inventario_vivo!J7 | C7: =Inventario_vivo!K7 | D7: =MAX(C7-B7,0)
A8: =Inventario_vivo!B8 | B8: =Inventario_vivo!J8 | C8: =Inventario_vivo!K8 | D8: =MAX(C8-B8,0)
A9: =Inventario_vivo!B9 | B9: =Inventario_vivo!J9 | C9: =Inventario_vivo!K9 | D9: =MAX(C9-B9,0)
A10: =Inventario_vivo!B10 | B10: =Inventario_vivo!J10 | C10: =Inventario_vivo!K10 | D10: =MAX(C10-B10,0)
A11: =Inventario_vivo!B11 | B11: =Inventario_vivo!J11 | C11: =Inventario_vivo!K11 | D11: =MAX(C11-B11,0)
A12: =Inventario_vivo!B12 | B12: =Inventario_vivo!J12 | C12: =Inventario_vivo!K12 | D12: =MAX(C12-B12,0)
A13: =Inventario_vivo!B13 | B13: =Inventario_vivo!J13 | C13: =Inventario_vivo!K13 | D13: =MAX(C13-B13,0)
... A21: =Inventario_vivo!B21 | B21: =Inventario_vivo!J21 | C21: =Inventario_vivo!K21 | D21: =MAX(C21-B21,0)

Sheet Dashboard
A1: Indicador | B1: Valor
A2: Total productos | B2: =COUNTA(Inventario_vivo!B2:B200)
A3: Valor total inventario | B3: =SUM(Inventario_vivo!M2:M200)
A4: Productos en REORDEN | B4: =COUNTIF(Inventario_vivo!L2:L200,"REORDEN")
A5: Productos en CRITICO | B5: =COUNTIF(Inventario_vivo!L2:L200,"CRITICO")
